{
  "tidy": 78.26361667944151,
  "learning": 61.71437912147951,
  "hygiene": 24.117647058823536,
  "timestamp": ""
}